<application>
  <component name="FindSettings">
    <option name="customScope" value="All Places" />
    <option name="defaultScopeName" value="All Places" />
    <option name="localCaseSensitive" value="true" />
    <option name="LOCAL_CASE_SENSITIVE_SEARCH" value="true" />
    <option name="SEARCH_SCOPE" value="All Places" />
    <option name="FILE_MASK" value="*.rs" />
    <mask>*.css</mask>
    <mask>*.html</mask>
    <mask>*.xml</mask>
    <mask>*.cmake</mask>
    <mask>*..txt</mask>
    <mask>*.ino</mask>
    <mask>*.c++m</mask>
    <mask>*.inl</mask>
    <mask>*.tcc</mask>
    <mask>*.h++</mask>
    <mask>*.mm</mask>
    <mask>*.tpp</mask>
    <mask>*.hxx</mask>
    <mask>*.ixx</mask>
    <mask>*.ii</mask>
    <mask>*.hp</mask>
    <mask>*.cppm</mask>
    <mask>*.c++</mask>
    <mask>*.hh</mask>
    <mask>*.pch</mask>
    <mask>*.cxx</mask>
    <mask>*.icc</mask>
    <mask>*.cu</mask>
    <mask>*.m</mask>
    <mask>*.cp</mask>
    <mask>*.hpp</mask>
    <mask>*.i</mask>
    <mask>*.h</mask>
    <mask>*.c</mask>
    <mask>*.cc</mask>
    <mask>*.cuh</mask>
    <mask>*.mxx</mask>
    <mask>*.ipp</mask>
    <mask>*.ccm</mask>
    <mask>*.cxxm</mask>
    <mask>*.cpp</mask>
    <mask>*.toml</mask>
    <mask>*.rs</mask>
  </component>
</application>