<application>
  <component name="LafManager">
    <laf themeId="0337fb64-973c-466a-82f0-bed0f9d88670" />
    <preferred-light-laf themeId="987fea89-a3e4-45f6-9898-7dbace4d7bd3" />
    <preferred-dark-laf themeId="6a41f0b6-ad89-4fc0-a326-ff52958b07b7" />
    <lafs-to-previous-schemes>
      <laf-to-scheme laf="0337fb64-973c-466a-82f0-bed0f9d88670" scheme="Naysayer" />
      <laf-to-scheme laf="6a41f0b6-ad89-4fc0-a326-ff52958b07b7" scheme="Naysayer" />
      <laf-to-scheme laf="ExperimentalDark" scheme="Naysayer" />
    </lafs-to-previous-schemes>
  </component>
</application>