<application>
  <component name="ParameterNameHintsSettings">
    <option id="oc.clangd.namehints.enums" value="false" />
    <option id="oc.clangd.namehints.array.indices" value="false" />
    <option id="js.only.show.names.for.tagged" value="false" />
    <option id="vuejs.show.names.for.filters" value="false" />
    <option id="js.only.show.names.for.pipes" value="false" />
    <option id="SMART_HINTS" value="false" />
    <option id="oc.clangd.namehints.construct.expr" value="false" />
    <option id="js.param.hints.show.names.for.tagged" value="false" />
    <option id="oc.clangd.namehints.non.const.references" value="false" />
    <option id="angular.show.names.for.pipes" value="false" />
    <disabledLanguages>
      <language id="TypeScript" />
      <language id="Angular2Html" />
      <language id="Rust" />
      <language id="JavaScript" />
      <language id="Vue" />
      <language id="ObjectiveC" />
      <language id="SQL" />
    </disabledLanguages>
  </component>
</application>