<keymap version="1" name="macOS copy" parent="Mac OS X 10.5+">
  <action id="Cargo.RunExternalLinter">
    <keyboard-shortcut first-keystroke="shift ctrl b" />
  </action>
  <action id="ChangesView.ToggleCommitUi" />
  <action id="CheckinProject" />
  <action id="CopyElement" />
  <action id="EditorCutLineEnd" />
  <action id="EditorDelete" />
  <action id="EditorDeleteLine" />
  <action id="EditorDeleteToWordEnd" />
  <action id="EditorDeleteToWordStart" />
  <action id="Git.Commit.Stage" />
  <action id="GotoNextError">
    <keyboard-shortcut first-keystroke="f2" />
    <keyboard-shortcut first-keystroke="ctrl j" />
  </action>
  <action id="GotoPreviousError">
    <keyboard-shortcut first-keystroke="shift f2" />
    <keyboard-shortcut first-keystroke="ctrl k" />
  </action>
  <action id="GotoTypeDeclaration">
    <keyboard-shortcut first-keystroke="shift meta b" />
    <mouse-shortcut keystroke="shift meta button1" />
  </action>
  <action id="Graph.RouteEdges" />
  <action id="Images.Editor.ToggleGrid" />
  <action id="InsertLiveTemplate" />
  <action id="MainMenuAsSeparateToolbarAction">
    <keyboard-shortcut first-keystroke="meta quote" />
  </action>
  <action id="QuickJavaDoc">
    <keyboard-shortcut first-keystroke="f1" />
    <mouse-shortcut keystroke="control button2" />
  </action>
  <action id="RenameElement">
    <keyboard-shortcut first-keystroke="ctrl r" second-keystroke="r" />
    <keyboard-shortcut first-keystroke="ctrl r" second-keystroke="ctrl r" />
  </action>
  <action id="Resume">
    <keyboard-shortcut first-keystroke="meta alt r" />
    <keyboard-shortcut first-keystroke="f9" />
    <keyboard-shortcut first-keystroke="f5" />
  </action>
  <action id="Run" />
  <action id="SelectNextOccurrence">
    <keyboard-shortcut first-keystroke="ctrl g" />
    <keyboard-shortcut first-keystroke="meta j" />
  </action>
  <action id="StepInto">
    <keyboard-shortcut first-keystroke="f7" />
    <keyboard-shortcut first-keystroke="f11" />
  </action>
  <action id="StepOut">
    <keyboard-shortcut first-keystroke="shift f8" />
    <keyboard-shortcut first-keystroke="shift f11" />
  </action>
  <action id="StepOver">
    <keyboard-shortcut first-keystroke="f8" />
    <keyboard-shortcut first-keystroke="f10" />
  </action>
  <action id="SwitchHeaderSource" />
  <action id="SwitcherPreviousProblem">
    <keyboard-shortcut first-keystroke="shift f2" />
  </action>
  <action id="Terminal.ClearBuffer">
    <keyboard-shortcut first-keystroke="meta l" />
  </action>
  <action id="Terminal.ShowDocumentation">
    <keyboard-shortcut first-keystroke="f1" />
    <mouse-shortcut keystroke="control button2" />
  </action>
  <action id="UsageFiltering.ReadAccess" />
  <action id="Vcs.Log.ShowTooltip">
    <keyboard-shortcut first-keystroke="f1" />
    <mouse-shortcut keystroke="control button2" />
  </action>
</keymap>